{
 "templeR0001": [
  "templeR0002",
  "templeR0003",
  "templeR0004",
  "templeR0005",
  "templeR0027",
  "templeR0028",
  "templeR0029",
  "templeR0030",
  "templeR0031"
 ],
 "templeR0002": [
  "templeR0001",
  "templeR0003",
  "templeR0004",
  "templeR0005",
  "templeR0027",
  "templeR0028",
  "templeR0029",
  "templeR0030",
  "templeR0031"
 ],
 "templeR0003": [
  "templeR0001",
  "templeR0002",
  "templeR0004",
  "templeR0005",
  "templeR0028",
  "templeR0029",
  "templeR0030",
  "templeR0031"
 ],
 "templeR0004": [
  "templeR0001",
  "templeR0002",
  "templeR0003",
  "templeR0005",
  "templeR0028",
  "templeR0029",
  "templeR0030",
  "templeR0031"
 ],
 "templeR0005": [
  "templeR0001",
  "templeR0002",
  "templeR0003",
  "templeR0004",
  "templeR0031"
 ],
 "templeR0006": [
  "templeR0007",
  "templeR0008",
  "templeR0009",
  "templeR0040",
  "templeR0041"
 ],
 "templeR0007": [
  "templeR0006",
  "templeR0008",
  "templeR0009",
  "templeR0010",
  "templeR0040",
  "templeR0041"
 ],
 "templeR0008": [
  "templeR0006",
  "templeR0007",
  "templeR0009",
  "templeR0010",
  "templeR0040",
  "templeR0041"
 ],
 "templeR0009": [
  "templeR0006",
  "templeR0007",
  "templeR0008",
  "templeR0010",
  "templeR0011",
  "templeR0040"
 ],
 "templeR0010": [
  "templeR0007",
  "templeR0008",
  "templeR0009",
  "templeR0011",
  "templeR0012"
 ],
 "templeR0011": [
  "templeR0009",
  "templeR0010",
  "templeR0012",
  "templeR0039"
 ],
 "templeR0012": [
  "templeR0010",
  "templeR0011",
  "templeR0038",
  "templeR0039"
 ],
 "templeR0013": [
  "templeR0014",
  "templeR0015",
  "templeR0042",
  "templeR0043",
  "templeR0044"
 ],
 "templeR0014": [
  "templeR0013",
  "templeR0015",
  "templeR0016",
  "templeR0042",
  "templeR0043"
 ],
 "templeR0015": [
  "templeR0013",
  "templeR0014",
  "templeR0016",
  "templeR0017",
  "templeR0018",
  "templeR0042"
 ],
 "templeR0016": [
  "templeR0014",
  "templeR0015",
  "templeR0017",
  "templeR0018",
  "templeR0019",
  "templeR0020"
 ],
 "templeR0017": [
  "templeR0015",
  "templeR0016",
  "templeR0018",
  "templeR0019",
  "templeR0020",
  "templeR0021"
 ],
 "templeR0018": [
  "templeR0015",
  "templeR0016",
  "templeR0017",
  "templeR0019",
  "templeR0020",
  "templeR0021",
  "templeR0022"
 ],
 "templeR0019": [
  "templeR0016",
  "templeR0017",
  "templeR0018",
  "templeR0020",
  "templeR0021",
  "templeR0022",
  "templeR0023"
 ],
 "templeR0020": [
  "templeR0016",
  "templeR0017",
  "templeR0018",
  "templeR0019",
  "templeR0021",
  "templeR0022",
  "templeR0023"
 ],
 "templeR0021": [
  "templeR0017",
  "templeR0018",
  "templeR0019",
  "templeR0020",
  "templeR0022",
  "templeR0023",
  "templeR0024"
 ],
 "templeR0022": [
  "templeR0018",
  "templeR0019",
  "templeR0020",
  "templeR0021",
  "templeR0023",
  "templeR0024",
  "templeR0025"
 ],
 "templeR0023": [
  "templeR0019",
  "templeR0020",
  "templeR0021",
  "templeR0022",
  "templeR0024",
  "templeR0025",
  "templeR0026"
 ],
 "templeR0024": [
  "templeR0021",
  "templeR0022",
  "templeR0023",
  "templeR0025",
  "templeR0026",
  "templeR0027"
 ],
 "templeR0025": [
  "templeR0022",
  "templeR0023",
  "templeR0024",
  "templeR0026",
  "templeR0027",
  "templeR0028"
 ],
 "templeR0026": [
  "templeR0023",
  "templeR0024",
  "templeR0025",
  "templeR0027",
  "templeR0028",
  "templeR0029",
  "templeR0030"
 ],
 "templeR0027": [
  "templeR0001",
  "templeR0002",
  "templeR0024",
  "templeR0025",
  "templeR0026",
  "templeR0028",
  "templeR0029",
  "templeR0030",
  "templeR0031"
 ],
 "templeR0028": [
  "templeR0001",
  "templeR0002",
  "templeR0003",
  "templeR0004",
  "templeR0025",
  "templeR0026",
  "templeR0027",
  "templeR0029",
  "templeR0030",
  "templeR0031"
 ],
 "templeR0029": [
  "templeR0001",
  "templeR0002",
  "templeR0003",
  "templeR0004",
  "templeR0026",
  "templeR0027",
  "templeR0028",
  "templeR0030",
  "templeR0031"
 ],
 "templeR0030": [
  "templeR0001",
  "templeR0002",
  "templeR0003",
  "templeR0004",
  "templeR0026",
  "templeR0027",
  "templeR0028",
  "templeR0029",
  "templeR0031"
 ],
 "templeR0031": [
  "templeR0001",
  "templeR0002",
  "templeR0003",
  "templeR0004",
  "templeR0005",
  "templeR0027",
  "templeR0028",
  "templeR0029",
  "templeR0030"
 ],
 "templeR0032": [
  "templeR0033",
  "templeR0034",
  "templeR0035",
  "templeR0036",
  "templeR0037",
  "templeR0044",
  "templeR0045",
  "templeR0046",
  "templeR0047"
 ],
 "templeR0033": [
  "templeR0032",
  "templeR0034",
  "templeR0035",
  "templeR0036",
  "templeR0037",
  "templeR0038",
  "templeR0044",
  "templeR0045",
  "templeR0046",
  "templeR0047"
 ],
 "templeR0034": [
  "templeR0032",
  "templeR0033",
  "templeR0035",
  "templeR0036",
  "templeR0037",
  "templeR0038",
  "templeR0045",
  "templeR0046",
  "templeR0047"
 ],
 "templeR0035": [
  "templeR0032",
  "templeR0033",
  "templeR0034",
  "templeR0036",
  "templeR0037",
  "templeR0038",
  "templeR0045",
  "templeR0046",
  "templeR0047"
 ],
 "templeR0036": [
  "templeR0032",
  "templeR0033",
  "templeR0034",
  "templeR0035",
  "templeR0037",
  "templeR0038",
  "templeR0039",
  "templeR0045",
  "templeR0046",
  "templeR0047"
 ],
 "templeR0037": [
  "templeR0032",
  "templeR0033",
  "templeR0034",
  "templeR0035",
  "templeR0036",
  "templeR0038",
  "templeR0039",
  "templeR0046",
  "templeR0047"
 ],
 "templeR0038": [
  "templeR0012",
  "templeR0033",
  "templeR0034",
  "templeR0035",
  "templeR0036",
  "templeR0037",
  "templeR0039"
 ],
 "templeR0039": [
  "templeR0011",
  "templeR0012",
  "templeR0036",
  "templeR0037",
  "templeR0038"
 ],
 "templeR0040": [
  "templeR0006",
  "templeR0007",
  "templeR0008",
  "templeR0009",
  "templeR0041"
 ],
 "templeR0041": [
  "templeR0006",
  "templeR0007",
  "templeR0008",
  "templeR0040"
 ],
 "templeR0042": [
  "templeR0013",
  "templeR0014",
  "templeR0015",
  "templeR0043",
  "templeR0044",
  "templeR0045"
 ],
 "templeR0043": [
  "templeR0013",
  "templeR0014",
  "templeR0042",
  "templeR0044",
  "templeR0045",
  "templeR0046",
  "templeR0047"
 ],
 "templeR0044": [
  "templeR0013",
  "templeR0032",
  "templeR0033",
  "templeR0042",
  "templeR0043",
  "templeR0045",
  "templeR0046",
  "templeR0047"
 ],
 "templeR0045": [
  "templeR0032",
  "templeR0033",
  "templeR0034",
  "templeR0035",
  "templeR0036",
  "templeR0042",
  "templeR0043",
  "templeR0044",
  "templeR0046",
  "templeR0047"
 ],
 "templeR0046": [
  "templeR0032",
  "templeR0033",
  "templeR0034",
  "templeR0035",
  "templeR0036",
  "templeR0037",
  "templeR0043",
  "templeR0044",
  "templeR0045",
  "templeR0047"
 ],
 "templeR0047": [
  "templeR0032",
  "templeR0033",
  "templeR0034",
  "templeR0035",
  "templeR0036",
  "templeR0037",
  "templeR0043",
  "templeR0044",
  "templeR0045",
  "templeR0046"
 ]
}